system:index,EVI,HHpalsarLdiffWetDry,NDMI,NDWI,PDSI,Removed,VPD,aspect,canopyCover,canopyCoverChange,canopyHeightChange,distanceBambooForest,distanceBurn1yrBefore,distanceBurn2yrBefore,distanceDryDipterocarpForest,distanceDryEvergreenForest,distanceEucalyptusPlantation,distanceHillEvergreenForest,distanceMaize,distanceMixedDeciduousForest,distanceOldClearing,distancePineForest,distanceProtectedArea,distanceRice,distanceRoads,distanceSPKKTC,distanceSecondaryGrowthForest,distanceSettlements,distanceSugarcane,distanceTeakPlantation,distanceWater,elevation,flameLength,fuelLoad,grassHeight,litterCover,litterDepth,populationCount,precipitation,rateOfSpread,slope,soilMoisture,temperatureMax,.geo
1_1_1_1_1_1_1_1_1_1_1_1_1_1_1_1_1_1_1_1_1_1_1_1_1_1_1_1_1_1_1_1_1_1_1_1_1_1_1_1_1_1_0,3.0198946072118207,3.0436646705081856,2.9119680596979745,2.7440436025241444,2.941147966325084,full,2.9305378695919004,2.8089279411110537,2.695731395358354,1.9151987074929047,1.019197051188734,2.878959565958047,2.4427910174134353,2.41670062093075,2.6216208024734686,2.842698035594051,2.9614180146597895,2.811816091638871,2.415756887895819,1.286229313709372,2.8092289956713494,2.8154816138473797,0.5274153218498479,2.487206540605192,2.721795380315807,2.8285039102351335,2.9597290665552674,2.8230244660507657,2.8254461967554563,2.912950078971305,2.7593980713889636,2.77989413894311,1.785596990310499,1.4622327619821769,0.8735593678331234,1.537038236307239,0.9193215065457733,0.35276667457493777,2.8688784593407415,1.7475140775170481,2.7597790532217448,2.9253208201642287,2.8096160497291356,"{""type"":""Point"",""coordinates"":[0.0,0.0]}"
1_1_1_1_1_1_1_1_1_1_1_1_1_1_1_1_1_1_1_1_1_1_1_1_1_1_1_1_1_1_1_1_1_1_1_1_1_1_1_1_1_2_00000000000000000000,2.9567517143563915,3.042923483038206,2.9436920071781567,2.864715575510002,2.9379615649898203,canopyCover,2.953123692402634,2.975203521913698,,1.966582352401173,1.1171998564231551,2.9817651774061464,2.5151229076125685,2.495531066221162,2.751888176381669,2.9396853190311654,2.9703611166861275,2.6714000554542325,2.575978367501662,1.2823614815486781,2.8840215116037826,2.9019922772452382,0.5148534428439341,2.549650742954185,2.866499326767257,2.930300719115428,2.93867031117514,2.9517985862172917,2.9116643150671755,2.94532263790056,2.8283658802249296,2.955070313031996,1.910265251056359,1.4575948713167153,0.9009354869161997,1.6369172405424643,0.9796633134797375,0.415192061475617,2.960437241378417,1.8330132753910289,2.9502328188844302,2.9659049209360715,2.869386018419375,"{""type"":""Point"",""coordinates"":[0.0,0.0]}"
1_1_1_1_1_1_1_1_1_1_1_1_1_1_1_1_1_1_1_1_1_1_1_1_1_1_1_1_1_1_1_1_1_1_1_1_1_1_1_1_2_00000000000000000000,3.0508700937533035,2.973973048636793,2.877710961820807,2.9041233286081902,3.0849045458866864,distanceBurn1yrBefore,3.0181429518595406,2.9643349897272158,2.7706105580972427,2.0106428919056127,1.0310052946287689,2.93035553531127,,2.676314790245461,2.7568757782214326,2.837266753861153,2.8849449306894095,2.8122564825194507,2.4826851041181524,1.3497668268269856,2.8516907282666373,2.899606317075991,0.517161272734413,2.4664632537775595,2.8047810549437004,2.9099488286344393,2.9543359924764765,2.9766872377237275,3.026595000209114,2.9571439695322415,2.8132023506487216,2.9983144865194364,1.7768023424626402,1.4591161912778408,0.8281509769841413,1.5589399054162374,0.9481348108778183,0.42149655904709615,2.9546360225470156,1.7906559902803059,2.83709320471513,2.9731157442034624,2.859142892928381,"{""type"":""Point"",""coordinates"":[0.0,0.0]}"
1_1_1_1_1_1_1_1_1_1_1_1_1_1_1_1_1_1_1_1_1_1_1_1_1_1_1_1_1_1_1_1_1_1_1_1_1_1_1_2_00000000000000000000,3.0377038980775386,3.0583224509305422,2.981617844587108,2.9238441490479716,2.9483038498676946,distanceBurn2yrBefore,3.0075159451899767,2.9379094068545255,2.705937599574557,1.9763650383752036,1.105451427039236,3.018857480313075,2.6673897940158584,,2.607387850678685,2.847106266556323,2.866989719507285,2.7846981982378165,2.499990984459975,1.2999498923960864,2.8286037983628542,2.9413143015550594,0.5490769870087914,2.5135576445445547,2.7808788220872227,2.9670400341332543,2.947256190094585,2.8679958977247795,2.969585479201384,2.9463829469551435,2.9084920647702512,2.9026790841598884,1.7956664127551234,1.4664301163270426,0.8257782546123507,1.5447142528033582,0.9715268142180227,0.4299739171184015,2.942474374171758,1.8920962930869494,2.8743645302640655,2.9900837635446416,2.8686862247910585,"{""type"":""Point"",""coordinates"":[0.0,0.0]}"
1_1_1_1_1_1_1_1_1_1_1_1_1_1_1_1_1_1_1_1_1_1_1_1_1_1_1_1_1_1_1_1_1_1_1_1_1_1_2_00000000000000000000,2.956550888191271,3.0564452935407975,2.8664525842211175,2.9947192427119655,3.0247272501944678,precipitation,2.9300958939842756,2.9923667083706706,2.6611014419850543,1.9820385854262297,1.0110823208742623,2.9690982077406938,2.565047020415009,2.3712580572896123,2.7781496828635324,2.9625353646859587,2.8918988824957492,2.708197664568824,2.5537662185040344,1.324145345155785,2.921542402240218,2.8895841242198785,0.5865064648350529,2.5353635242664594,2.84059502605196,2.954451040099507,2.984619505006434,2.952702632583165,3.000496753938009,2.9382950992538284,2.9569919874512833,2.8836839074422573,1.922904997662726,1.4281627324279116,0.8761910829320257,1.5718862697996139,0.9727380851178264,0.3965362577496039,,1.8703175685242086,2.9563056883052172,3.076413968551212,2.884034228322263,"{""type"":""Point"",""coordinates"":[0.0,0.0]}"
1_1_1_1_1_1_1_1_1_1_1_1_1_1_1_1_1_1_1_1_1_1_1_1_1_1_1_1_1_1_1_1_1_1_1_1_1_2_00000000000000000000,2.9703806795003915,3.0332126605457104,2.9683293772542467,2.890981826153032,3.113527659608489,temperatureMax,2.947552391158507,3.1808468905618517,2.739033215732129,1.8855105805374535,1.0572153308611516,3.040484956825992,2.5274281618506125,2.418816940789265,2.640153050209906,3.0011018559896576,2.923786687411737,2.7667652542411,2.543309979892131,1.3021948258468077,2.9816179918167083,2.7622264665794978,0.5515583219625931,2.6137036148729655,2.7892162038836568,2.9676054741713176,2.9374239150350956,2.969163970823949,2.977737385743016,2.9737260952204823,2.7803503696960736,2.946988027228814,1.8622618039465701,1.4685151811291484,0.8548501696154768,1.59872101092681,0.9698763447438532,0.40556958107518454,2.8771305440520294,1.9482421059239818,2.884879860978476,2.928003235604087,,"{""type"":""Point"",""coordinates"":[0.0,0.0]}"
1_1_1_1_1_1_1_1_1_1_1_1_1_1_1_1_1_1_1_1_1_1_1_1_1_1_1_1_1_1_1_1_1_1_1_1_2_00000000000000000000,2.9345237017582337,3.0342212399215596,3.007278577144454,2.950200307932941,2.9521117865594846,soilMoisture,2.9551471821647057,3.067299162067958,2.812051574750121,1.9816341401316642,1.066340096649644,3.001647877563372,2.530628942458174,2.5280900586186177,2.6014557359836856,2.9041703178748723,2.9247761282443387,2.750828575627755,2.5227152236369914,1.347936591044009,2.887739047880408,2.9694486463177787,0.510672649840279,2.4292663213986527,2.8708487247881767,2.9831782137639524,3.013878779287436,2.9742631480121835,3.043948289268643,2.870540491899753,2.855163486550078,2.9802910247880186,1.81392417607095,1.5198177354353237,0.8526453553124361,1.6537145350343925,0.9465915663200367,0.4154433303477821,2.9506380762837354,1.8058150427041693,2.913747703623682,,2.8653664349395584,"{""type"":""Point"",""coordinates"":[0.0,0.0]}"
1_1_1_1_1_1_1_1_1_1_1_1_1_1_1_1_1_1_1_1_1_1_1_1_1_1_1_1_1_1_1_1_1_1_1_2_00000000000000000000,2.914654534849299,3.0357951259654548,2.9604776376734887,2.951561085593521,,PDSI,3.002001255002971,2.9911600250256902,2.7193164177253557,1.995668910894922,1.1560440574416875,3.0342203532194825,2.472559493823075,2.4994518604065115,2.643290314896311,2.920524269036429,2.9853322948082286,2.772672423113719,2.4834156523277775,1.3906331890693167,2.9035463136599957,2.881255043764346,0.5289328676340368,2.592106699062475,2.789702817194931,2.934179588619791,3.056324039302178,2.9434206619958734,3.0389303357894093,2.99479616316452,2.814268146256252,2.8791180968521415,1.852446331621044,1.5177160204322944,0.9507921223316501,1.5806319136286284,1.0093564820001024,0.42054453857895746,2.95656629178906,1.7776649056892162,2.828519380434816,2.96871284594826,2.8516894933767527,"{""type"":""Point"",""coordinates"":[0.0,0.0]}"
1_1_1_1_1_1_1_1_1_1_1_1_1_1_1_1_1_1_1_1_1_1_1_1_1_1_1_1_1_1_1_1_1_1_2_00000000000000000000,2.9792243455839684,2.92918575861994,3.048304854996034,2.8484966291314935,3.157596285734303,VPD,,3.08318649486016,2.792445623362376,1.9500349867523556,1.1431660040465252,3.00343363884827,2.5364425393832137,2.3785954546532504,2.645274767017378,2.927557651135221,2.9583785707416634,2.7658716056646337,2.5304374756736956,1.3626319249175205,2.8540305518779956,2.9117178875478373,0.5452551734528027,2.6188854550481975,2.8750457024520375,2.8850883398332674,2.980192451544624,2.912160222423528,2.9145890675052937,2.9883367659685676,2.9344686499517088,2.911532463383278,1.7517499618660657,1.4534435841268418,0.8865367975595816,1.6285342548317978,0.9979628097631987,0.39653688870039455,2.856650501139895,1.8901865658542512,2.981441228861472,2.9169146946322666,2.8684753705530666,"{""type"":""Point"",""coordinates"":[0.0,0.0]}"
1_1_1_1_1_1_1_1_1_1_1_1_1_1_1_1_1_1_1_1_1_1_1_1_1_1_1_1_1_1_1_1_1_2_00000000000000000000,2.926187818875104,2.963318198596992,2.9541119113831806,2.808584986939852,3.009835513299066,canopyCoverChange,2.9017401438653554,3.0685600181097508,2.7227974640351293,,1.0724871132106726,2.940641768424703,2.5677168456107897,2.4255383497666108,2.6541516448979556,3.005771409821573,2.881625274908974,2.823515709006489,2.4918282891296086,1.3116067871772872,2.851616267944022,2.907077753479416,0.4957117986820679,2.499161846245159,2.828354039189694,2.9535844238946116,2.9774600846628374,2.9411994509371198,2.880977058617947,2.842740193825579,2.806711644380244,2.8554675714044575,1.7599242265956019,1.4016106127185266,0.876608966824227,1.5799381079828443,0.9521456051294483,0.39101911816340934,2.9755697961273517,1.8662566533571272,2.946540972835928,2.9901792803865592,2.8901252795567203,"{""type"":""Point"",""coordinates"":[0.0,0.0]}"
1_1_1_1_1_1_1_1_1_1_1_1_1_1_1_1_1_1_1_1_1_1_1_1_1_1_1_1_1_1_1_1_2_00000000000000000000,2.924037035234612,2.956919613959722,2.855892229139964,2.908963294763924,2.978289485244273,canopyHeightChange,2.862664508303853,3.0432462450667104,2.743742378961698,1.9978628482855125,,2.9945274486618536,2.5107999583268934,2.418754143706784,2.5757549571293863,2.9447314781142886,2.853321540612812,2.710757936381387,2.44474490695132,1.3540079031650487,2.7575275404400132,2.853101298735701,0.5312821789990619,2.5761629976792624,2.7535206014821636,2.819510627735307,2.868063145695118,2.8754553876200832,2.8192210838623546,2.8336669241566472,2.8292200059600963,2.8827923113617753,1.8441691048667674,1.5038461330343593,0.8737177477644944,1.5672570107291555,0.9569915253769048,0.3821557896395123,2.879190664987097,1.8945525729031858,2.863257789517518,2.871055728118666,2.885263917324714,"{""type"":""Point"",""coordinates"":[0.0,0.0]}"
1_1_1_1_1_1_1_1_1_1_1_1_1_1_1_1_1_1_1_1_1_1_1_1_1_1_1_1_1_1_1_2_00000000000000000000,2.982853801594762,,2.8734525876596893,2.8979391308862743,2.993877700962393,HHpalsarLdiffWetDry,2.952180969798903,3.055420470676887,2.7160061537729923,1.9964616105471265,1.0627754113970842,2.974974279260461,2.524660138658238,2.539301766373509,2.7686710472059617,2.960200721299083,3.011230178876893,2.793297001033802,2.4695950663077153,1.4171183781503467,2.959555011829928,2.8650960083990897,0.529663389255352,2.4399861659382704,2.8077211135102296,2.8400516594675396,2.971695636757704,2.905778335005076,2.98897967399114,2.941553511108518,2.8501920398379355,2.9861265486151773,1.9054104294478529,1.5497693682164806,0.892748490318848,1.6411821162967732,1.0270122331485527,0.40327511833613355,2.913864771439043,1.877133998995774,2.9327367606227788,2.9212979386628,2.859153266336891,"{""type"":""Point"",""coordinates"":[0.0,0.0]}"
1_1_1_1_1_1_1_1_1_1_1_1_1_1_1_1_1_1_1_1_1_1_1_1_1_1_1_1_1_1_2_00000000000000000000,,2.99931283002868,2.956983757721348,2.9416726659624395,2.9936501723713267,EVI,2.9054156924821077,3.102988869775939,2.766618237765975,1.9744991606460338,1.0690849798428892,3.041116693670326,2.5681287777708555,2.4380562396830316,2.692265938745258,2.881831024123717,2.962621184384357,2.8283475276277295,2.442652561869464,1.3717258055688177,2.8024206332658155,2.9306816870870502,0.5261270648972723,2.570240893403629,2.8790694215370287,2.9144258561994105,2.999559200269361,2.8747790739944667,2.8882091454407064,2.95579636145797,2.943301926109332,2.9129922542763254,1.868823566029808,1.4689243437293777,0.904576813887518,1.620203240841362,0.9652650007557043,0.43362832142010943,2.9133810093371375,1.8735578147508025,2.950196654525259,3.0120148626971055,2.854852734047181,"{""type"":""Point"",""coordinates"":[0.0,0.0]}"
1_1_1_1_1_1_1_1_1_1_1_1_1_1_1_1_1_1_1_1_1_1_1_1_1_1_1_1_1_2_00000000000000000000,3.077186053754943,2.9282273270090484,,2.9539308475862467,3.0306781320245384,NDMI,2.983852941979777,3.062009500333443,2.748565280495986,1.947387341495352,1.0769530562789609,3.078810551941954,2.5871935741092753,2.4063857805918483,2.7893282922825047,2.9948968669088765,2.9068874662668214,2.8143158443192955,2.574888484821851,1.2993452173877225,2.833442157411816,2.93073627929135,0.55778540047513,2.5323767581016345,2.8686053506066505,2.94083854993268,2.944566040748513,2.983281173756022,2.8953155090816503,2.884147696370384,2.8675050239355846,2.8655671297440852,1.8546271458517243,1.5276028701940065,0.8614517239711547,1.616458727319804,0.9403355390129979,0.4087828384326257,2.935707025794019,1.822096074190982,2.916663588444131,2.967340526565565,2.7839243111790863,"{""type"":""Point"",""coordinates"":[0.0,0.0]}"
1_1_1_1_1_1_1_1_1_1_1_1_1_1_1_1_1_1_1_1_1_1_1_1_1_1_1_1_2_00000000000000000000,3.0916402233352516,3.004260799691753,2.9063344862044107,,2.994613577411795,NDWI,2.992166814730482,3.0103435161734335,2.7516784224624415,2.0466425319833603,1.0892871108090603,2.9495693135215304,2.5088284586643197,2.4742027617596203,2.732412636024975,3.0004432571726483,2.974708711377045,2.813028371086355,2.4883484195085828,1.2803881645012656,2.947867269072305,2.913967823822503,0.5027744587845503,2.518756777225088,2.8301286476730927,2.9383466120712805,2.955928501219818,2.908683744242891,2.9494242969995845,2.91474633140663,2.913223883730273,2.93738825890815,1.813446375035927,1.4262129323708057,0.8471174837582734,1.5623132174729342,0.9812915928147781,0.42324487159336394,2.8982883837509243,1.8839689374048494,2.9451755131777326,2.968573285756572,2.910233225289362,"{""type"":""Point"",""coordinates"":[0.0,0.0]}"
1_1_1_1_1_1_1_1_1_1_1_1_1_1_1_1_1_1_1_1_1_1_1_1_1_1_1_2_00000000000000000000,3.0166332038391097,3.0426446339991435,2.890304734377486,2.9582086669502905,3.0273844400381575,populationCount,2.8962547862234125,2.966425044617489,2.656123955171958,1.926830061753405,1.024011273930309,2.901628348277241,2.516790112513689,2.476554169311205,2.6882218423518314,2.8756319638683756,2.905152002110038,2.7568053316683807,2.501790846064932,1.3128673751381768,2.7668462036210784,2.7424093715192495,0.498846331805975,2.4624899353411513,2.8404299350561084,2.727863256618383,2.8094513150944675,2.871468867057748,2.8685996436215944,2.8337024749494923,2.8448960029582016,2.8235949067477475,1.7600915725198905,1.4007550334853212,0.8260823693825078,1.4955328570985078,0.9401937615816295,,2.8390284934700367,1.7723388984755144,2.863971873396072,2.8616411526496965,2.8095029513449976,"{""type"":""Point"",""coordinates"":[0.0,0.0]}"
1_1_1_1_1_1_1_1_1_1_1_1_1_1_1_1_1_1_1_1_1_1_1_1_1_1_2_00000000000000000000,2.965018504959139,2.98466775889019,2.9095448564548545,2.992850583332277,3.0640027762808453,distanceDryEvergreenForest,2.92785882366361,2.999783307190482,2.747696860053823,1.9784817224548616,1.07801444226452,2.9930237127867803,2.628741385946009,2.495409627338281,2.7756680900038244,,2.9058576616161935,2.7448934273993166,2.537991832587551,1.334578998118019,2.873088231015258,2.8195790200047584,0.5041874474173013,2.6371964606427887,2.8621822375483212,2.881169997724831,2.8786329138536346,2.833482976523993,3.0630675210332603,2.935158189872799,2.815725930016775,2.9077286421856843,1.817246160155044,1.4446644418147714,0.9287030140320061,1.5870406518990938,0.9589363549639479,0.37752387572993995,3.001839034989957,1.9317657534211947,2.90388945503491,3.0118717941903594,2.961235524588795,"{""type"":""Point"",""coordinates"":[0.0,0.0]}"
1_1_1_1_1_1_1_1_1_1_1_1_1_1_1_1_1_1_1_1_1_1_1_1_1_2_00000000000000000000,2.918714749353802,3.008803656020008,2.8043768863142184,2.8852794215214623,2.9272997552873044,distanceHillEvergreenForest,2.9876083042701578,3.0416779835988517,2.593987397004927,2.0286467615808275,1.0541949366481251,2.9883736578752527,2.524992530019158,2.4728544310257705,2.8025781052974965,2.840814686684325,2.9973286345881895,,2.470438412774064,1.3936164538532685,2.899919346597202,2.997738189177363,0.5369674750008064,2.579672618932738,2.8746495386505053,2.8680249454936324,2.911597478451785,2.861345683662016,2.9306768016674667,2.938198130795445,2.9819822310307194,2.989837050307752,1.9533980323769873,1.4721004150301662,0.8380829361488347,1.5645358827470788,0.9774011724372064,0.4014813995966616,3.0457536724197527,1.7842569804419286,2.9554807190674777,3.014930163342654,2.8803823729065727,"{""type"":""Point"",""coordinates"":[0.0,0.0]}"
1_1_1_1_1_1_1_1_1_1_1_1_1_1_1_1_1_1_1_1_1_1_1_1_2_00000000000000000000,2.983178415743055,3.0447329063043425,2.884095947485751,2.9594488558201437,2.929176936185558,distancePineForest,2.967384510936448,3.087569989458221,2.6974509002035503,1.9954854939307067,1.0483571222024832,3.0857596649618224,2.53938146177296,2.373658093792675,2.687032174851614,2.8612161554972118,2.9146742536023087,2.8183863838210548,2.562283870165868,1.4288218323315942,2.8941720087350995,,0.5192721428755416,2.4804327232513517,2.852075558525411,2.912929001322319,2.8975726929396264,2.9757578317048536,2.9875232398072544,2.971801695513308,2.8670611748133368,2.982950273381398,1.8389454881825176,1.5169405233613455,0.8326313488432232,1.651661075943409,0.9887700693833116,0.38672913892800154,2.9320016502328183,1.79197187446531,2.969755980826489,3.0154076438374733,2.8655418940592443,"{""type"":""Point"",""coordinates"":[0.0,0.0]}"
1_1_1_1_1_1_1_1_1_1_1_1_1_1_1_1_1_1_1_1_1_1_1_2_00000000000000000000,2.937893568451358,2.9827443702973735,2.883796366393937,2.8589758700206733,3.035159163154834,distanceMixedDeciduousForest,2.876554617344163,2.964134871874151,2.686231730423302,2.0058626206783927,1.0412859345817829,2.913026359959862,2.5053031962909595,2.4270861185269266,2.737897431503973,2.8054706373772116,2.810297386636969,2.7779074044583156,2.5358018197429018,,2.8249023122672985,2.865896109490726,0.5226503027468148,2.6167239856883167,2.7127714186846226,2.839994560140384,2.9414713649780038,2.9078443007222914,2.9000474919428436,2.855375345540912,2.8021946748395448,2.8803700571288027,1.724074767705808,1.5186653295501091,0.9324889590238626,1.565119225470891,0.9571167383152525,0.3972427057194568,2.936808978653015,1.811791939540502,2.9794858441111325,2.8803853267058197,2.8411487933164894,"{""type"":""Point"",""coordinates"":[0.0,0.0]}"
1_1_1_1_1_1_1_1_1_1_1_1_1_1_1_1_1_1_1_1_1_1_2_00000000000000000000,2.9566736453750497,2.994404652584854,3.0115744847554717,2.9409492985958217,2.9957209604056425,distanceDryDipterocarpForest,2.9814068053007956,2.991768740805915,2.625510932279671,1.9758780248666177,1.0583588265135413,2.956430543538148,2.500495001067375,2.478933648373286,,2.92827923490112,2.912932712239871,2.8396879452401738,2.577419857777929,1.3607179439206072,2.9083684123550686,2.992400042865523,0.4958955971949968,2.5274662780669104,2.8531092216566627,2.894111519098091,3.000413242206793,2.9111477651756914,2.932807803619146,2.937846224795825,2.903107138236173,2.888167035803821,1.7676477825706498,1.4479402195580504,0.8981430947340263,1.6172721755888313,0.9905434545829563,0.4052047730582504,2.9936118483380882,1.8530628938252462,2.9159635669537503,2.8887928307363167,2.889833820437247,"{""type"":""Point"",""coordinates"":[0.0,0.0]}"
1_1_1_1_1_1_1_1_1_1_1_1_1_1_1_1_1_1_1_1_1_2_00000000000000000000,3.0102360923415445,2.963270057061846,2.9251409688671783,2.8702858300836973,3.1249274744000903,distanceBambooForest,2.9103833078018244,3.0654619012052646,2.6746893635947506,2.0037984764293104,1.0305133905383466,,2.5150652972223315,2.39793811174326,2.730339309469181,2.8795824163991686,2.9340823050162705,2.8039762738483196,2.608548763092179,1.395629944707448,2.8922214820921863,2.939806900686536,0.5617669330336719,2.6825121296137517,2.8956403618953317,2.890677085383046,2.97717358975301,2.975900665745032,3.0151737191902543,2.8400235090617643,2.851796695482485,2.853495901629042,1.8496918033149503,1.5135090678877494,0.9000714349676991,1.6163448351064513,0.9791518847325215,0.38569477445507805,2.894593917148013,1.8881708358987306,2.988310773505756,2.9076458751763625,2.856756540418575,"{""type"":""Point"",""coordinates"":[0.0,0.0]}"
1_1_1_1_1_1_1_1_1_1_1_1_1_1_1_1_1_1_1_1_2_00000000000000000000,3.0382459371280484,3.0143409353507415,2.9867692682449136,2.875965640390343,3.1895340209759406,distanceTeakPlantation,2.929077218889999,2.879196750183511,2.74859985266137,1.9991786155103,1.0537254803501537,2.9462513531896817,2.5801743922421796,2.415795964635269,2.6147317176912774,2.964246537568365,2.908448444074044,2.8521980839764036,2.6524351793703818,1.3441898973503938,2.8582982432967365,2.9094231954473235,0.51659769106872,2.569676534018809,2.9719903896553643,2.902214752198548,3.0163422914580176,2.8673585364384473,2.884225103012053,,2.7848740505174026,2.9113621154714386,1.9231385159711276,1.4453593479886955,0.8178988942519959,1.5929592369577126,1.058336159021223,0.3473931604394334,2.9267142843406946,1.8554759841183017,2.930696426717246,2.971641014359408,2.9449187834679615,"{""type"":""Point"",""coordinates"":[0.0,0.0]}"
1_1_1_1_1_1_1_1_1_1_1_1_1_1_1_1_1_1_1_2_00000000000000000000,3.006782050818073,3.0500299401978075,2.987305773111405,2.948428379281546,3.094582772712538,distanceSecondaryGrowthForest,2.906415329155201,2.979634008193168,2.695007118314487,1.98402079558862,1.0503741178469839,2.9240884570097143,2.573452699416535,2.470708695880604,2.6822819221340315,2.847684530973431,2.9228269666460927,2.888529121683702,2.586505518495621,1.332032949788933,2.84286862535842,2.9669284209618887,0.5110830502367332,2.6014063779925096,2.889628783374245,2.9656445363973982,,2.914991300061871,2.890087743041386,3.005589032124729,2.864868611286693,2.8770551129910285,1.9425109137530405,1.5254238650871055,0.8646286580821541,1.6106107790364514,0.9640968611761418,0.35473131301359195,3.0119436041409995,1.848404333512813,2.8606993764600035,2.889155387641023,2.866952167021286,"{""type"":""Point"",""coordinates"":[0.0,0.0]}"
1_1_1_1_1_1_1_1_1_1_1_1_1_1_1_1_1_1_2_00000000000000000000,2.9909413287640643,2.9521717829388754,2.918989789961173,2.9217931660994534,3.0915492651183434,distanceOldClearing,2.8924461489268296,3.040041523559179,2.707647541470169,1.9740527334366516,1.051911296844132,2.9793993353101857,2.5069092544682117,2.418261636200878,2.688767045825333,2.859522948055681,2.9143585516327883,2.8957567393361883,2.5101152398101854,1.3078329205103545,,2.9768206569390094,0.5456528674577794,2.5809337004897275,2.8732759769872818,2.9519473410753987,3.0084804810572514,2.9077128552750797,3.0113950863128895,2.8870601912867477,2.888088138482756,2.985963199670673,1.875939400991115,1.51355201516939,0.8573841955420997,1.624832461576794,0.9902942899677085,0.38910188937237644,2.982569656180926,1.8273104598209,2.9015586223113954,2.9078432073409357,2.889815058423061,"{""type"":""Point"",""coordinates"":[0.0,0.0]}"
1_1_1_1_1_1_1_1_1_1_1_1_1_1_1_1_1_2_00000000000000000000,3.0529274778825566,3.0446992795689547,3.0213978826073133,2.892538243706118,3.1255106522079394,distanceEucalyptusPlantation,2.9412613980149986,2.9871962199637685,2.6455254807318567,2.002654161751935,1.042168284298587,3.0903581409262246,2.5418486930138466,2.4549147514415637,2.7153503888642776,2.8805101535781032,,2.8530710725230737,2.456647433852992,1.3477341468348734,2.824671676375505,2.932007034046451,0.5355287566888867,2.5077797271935953,2.8549513157166158,2.907254433673384,3.0873013027476297,2.963990995759163,2.9553632161938728,3.040864000346202,2.760776097804264,2.9190440363048036,1.8486273464162049,1.5060284093823704,0.8050625240304697,1.5651210156817617,0.9421159284243505,0.37003335515097,2.9924236809195297,1.862417122660635,2.930861804738797,2.918296994881923,2.873165363093671,"{""type"":""Point"",""coordinates"":[0.0,0.0]}"
1_1_1_1_1_1_1_1_1_1_1_1_1_1_1_1_2_00000000000000000000,3.059449689750193,3.1196531103875365,2.9861745877661225,2.9352092941045105,2.997512220567858,distanceMaize,2.955778045444389,3.0085019422843864,2.642388769962514,1.9054895766816988,1.0283820867879363,2.9483564799630217,2.5037673298636314,2.3880917423221395,2.693669486902724,2.916470907904595,2.9125782183821345,2.804454664866609,,1.3648999978959693,2.834398691804164,2.8942765975621927,0.5449880798285931,2.503242089977743,2.8325562229400396,2.9267279185570945,3.032511475562678,2.9267057164459187,2.970650357786971,3.039721516138079,2.8546247043286836,2.912830693953896,1.8532145351455722,1.4607059638537034,0.8950545115981244,1.559112798782062,0.9634140316069321,0.38311382991398707,2.891306245520487,1.8133759540844896,2.9240979695851985,2.8930803883711977,2.9194615548142147,"{""type"":""Point"",""coordinates"":[0.0,0.0]}"
1_1_1_1_1_1_1_1_1_1_1_1_1_1_1_2_00000000000000000000,2.91235042643584,3.023641124675075,3.0288782321206233,2.8898837171553273,3.0822455592281015,distanceSugarcane,3.0117143741920938,3.0214219441397505,2.77757063868157,2.0222633961911405,1.0697184527302832,2.9958846800214607,2.485700089148172,2.4592415352511714,2.6578327766046352,2.9550881844515007,3.0401760942863048,2.7911178887711325,2.5434603818364407,1.4316372618752198,2.8169252080571936,2.8882679319400224,0.5538063762061622,2.5118209716950797,2.810655440023343,2.928652551443186,2.9589219463363494,2.9178990741357245,,2.9194960078504693,2.9074718362833054,2.8723033497414203,1.8654733166214834,1.4492269729386729,0.8663636289144708,1.6051599223393969,0.9622493837077136,0.4063031757975913,2.878156191275857,1.7964593856496773,2.903308957009878,3.0220391915448066,2.9592124226923366,"{""type"":""Point"",""coordinates"":[0.0,0.0]}"
1_1_1_1_1_1_1_1_1_1_1_1_1_1_2_00000000000000000000,2.9186185335158235,3.12588483447557,2.9397460632049905,2.8985451190697082,3.0619027849451568,distanceRice,2.9436608751752877,3.071485709019039,2.6855992270672924,2.0168918662844217,1.077776616111354,3.0758858357031302,2.4651140257673996,2.3902925134962265,2.718137432770456,2.9240085898671424,2.865064690576075,2.687780774822875,2.5004686902872773,1.3332405066407118,2.815028694397401,2.9456130334320343,0.4932269787929667,,2.841175038588989,2.872711757471098,3.0867807456780323,2.9911320486339807,2.8845104380004916,2.9284096591518174,2.86450638592084,2.874721242618539,1.8813718091912095,1.4450194265804641,0.8528854936009588,1.5637376229245956,0.9376303416478214,0.40927281303275775,2.8511763074572904,1.8823345313821784,2.979769225271834,3.026089451497841,2.8727922659269147,"{""type"":""Point"",""coordinates"":[0.0,0.0]}"
1_1_1_1_1_1_1_1_1_1_1_1_1_2_00000000000000000000,2.9313511045243894,3.045171732757046,2.934593374374205,2.9227747975267864,3.097783785160474,distanceWater,2.9388090471432493,2.983450962165245,2.6916917006392054,2.04887013168274,1.0627962804637139,3.067230518192492,2.4994935100417526,2.416624943174351,2.7235263018077456,2.921136504455411,2.9086477204477994,2.7673218621923885,2.505322234010152,1.3262464699736978,2.8624951113791592,2.9140506506612116,0.4980357706087163,2.584318680679613,2.9921466634592635,2.9019251212153825,3.0739773690202266,2.8770093590765056,2.9018115313743498,2.9351704315807816,,2.971926212952445,1.795994321946881,1.459443424592352,0.9169469688044909,1.5693341275322907,0.9849139990363768,0.4049685256123375,2.8587557853997576,1.8895401735760533,2.9436765681272257,2.9408951628650315,2.929821059766715,"{""type"":""Point"",""coordinates"":[0.0,0.0]}"
1_1_1_1_1_1_1_1_1_1_1_1_2_00000000000000000000,2.921437595643415,3.039765859011238,2.8605940913780215,2.8725536247674355,2.9468381880302315,distanceProtectedArea,2.9142904803448477,2.88155054275141,2.672717764803028,1.9788494933504688,1.0435366543568623,2.9357937008047137,2.44680253822396,2.2960782013924104,2.5587163044371932,2.8718794302497157,2.8156411325356965,2.7158864422705937,2.4977726687682726,1.3496266284550371,2.823203951074856,2.848622873541008,,2.510680391200597,2.8858976441485877,2.759397619086373,2.9471799103746217,2.8360461337701404,2.9268528363572877,2.8740794916228847,2.7497762081005805,2.8684606893724633,1.8568641184278465,1.4117596787268216,0.914432293771094,1.5081506294518705,0.9202360839053288,0.41675200247950916,2.9200405859287777,1.7997331024377663,2.81662647708392,2.973011838686917,2.8118640988761814,"{""type"":""Point"",""coordinates"":[0.0,0.0]}"
1_1_1_1_1_1_1_1_1_1_1_2_00000000000000000000,3.0448804832751954,2.9658951369339106,2.876250734842274,2.850442538448363,3.023646158247932,distanceSPKKTC,2.852941945838221,2.965937482390768,2.6801526514413845,1.9828973002515862,1.054361690230703,2.8989250853228032,2.5200617428012007,2.460491857309788,2.6649031408957065,2.916359010685413,2.978808312830412,2.799040594884838,2.5507296975776677,1.4096000318989943,2.865398263244894,3.0223578162446567,0.5294338859339691,2.626837774082754,2.987229398359775,,2.977097741903666,2.9978512120034546,2.9580201879310297,3.0044448950355616,2.8481647027149903,2.9076327680515637,1.9298833271136906,1.4689051916977849,0.8571938805169098,1.5633103497081393,1.028672967569089,0.4044508714563826,3.0046620740889662,1.8123982220366903,2.8232033429900736,2.996343750374209,2.8901817808346024,"{""type"":""Point"",""coordinates"":[0.0,0.0]}"
1_1_1_1_1_1_1_1_1_1_2_00000000000000000000,2.9669027099898857,3.003509456551726,2.967296404343857,2.9663414033128728,3.064026603466942,distanceRoads,2.9649630196859103,3.00831842808258,2.734956814528494,1.9959695136772675,1.1076532186889978,2.9005659980511536,2.5652665075213443,2.477259749451229,2.7594167550505233,2.9469956377354283,2.9463315205985583,2.7299593970639817,2.5238925665248817,1.2883139184591277,2.8726183240845464,2.9329843577887806,0.5093490021910773,2.5142686306912148,,2.9282684817485842,2.9105576104315256,2.9103139775048974,2.9270964103322545,2.9196276034598387,2.8733833281441714,2.958646061308515,1.8454778234480738,1.458404291257272,0.8780320788406282,1.5832975142862427,0.9905165535933905,0.39489308138301876,3.0052217364022398,1.8563372419797037,2.9136325685488345,2.9803146989609717,2.9188190008294717,"{""type"":""Point"",""coordinates"":[0.0,0.0]}"
1_1_1_1_1_1_1_1_1_2_00000000000000000000,3.038170745912403,3.0520739159808836,2.9184570274367845,2.9008774714840717,3.0162132139961786,distanceSettlements,2.9379713703106054,3.061293825928206,2.708291811541163,1.9340024465831878,1.0760650455506875,3.008761687025283,2.5256919395700974,2.5001462666722194,2.6812278140629413,3.0035520562095095,2.8756906510085627,2.7587592328780657,2.5622494480729467,1.3298751261759385,2.853802239528274,2.991739293335378,0.5400122720391571,2.560148021741777,2.88932343068218,3.0119020123352818,2.982004697982885,,2.892673523484719,2.939791663659006,2.9427778196915746,2.901183738807803,1.7919101265844966,1.4935509939762779,0.8726227071563671,1.5576163105003453,0.9274421631920755,0.3851217013312995,2.9015936760080994,1.8265532244378309,2.9474191508352576,2.9940640063589123,2.907376129931283,"{""type"":""Point"",""coordinates"":[0.0,0.0]}"
1_1_1_1_1_1_1_1_2_00000000000000000000,3.040837465268536,3.071392528136778,2.956539646546126,2.83830033904558,3.109326912777252,slope,2.9121266807942834,2.981087276822472,2.7242843198823907,1.988570708665499,0.9909698751757168,2.9955610905363788,2.4842470814686504,2.4820604864752376,2.7167478851402334,2.9727100004469067,3.0105581212430472,2.7866299958187217,2.5923385068688254,1.3055776691465804,2.8270249212773866,2.9312868010033704,0.518581901217713,2.5143591842730313,2.791044408871718,3.0612666381655993,2.969310781054927,2.8924621633027856,2.914608021954423,2.9328060605782102,2.9353992159320645,2.8474437046721315,1.8066291354568171,1.4906239038267382,0.8794106830908152,1.680777596770476,0.9842687573494784,0.40551110901885723,2.951836858531939,1.9037024847877855,,2.8705308828606544,2.9312481957438528,"{""type"":""Point"",""coordinates"":[0.0,0.0]}"
1_1_1_1_1_1_1_2_00000000000000000000,2.991218088772825,3.0463435384646176,2.9324752270451264,2.942060434505892,3.0009726333288147,elevation,2.8983816484471925,3.0695646010778925,2.743594839442414,2.0760697657388194,1.0773886509711965,3.002078184848826,2.500066829217328,2.4376411998209444,2.6798347287950084,2.8892356783535056,2.9545959106791986,2.766335047243782,2.547137908398782,1.2909530656520403,2.7644120052880186,2.924471910850645,0.5514742758012704,2.5017011197978527,2.7799550322745916,3.00684701843109,3.020707051423081,2.8843409134814366,2.833615425267088,2.990999560352648,2.9689084224191538,,1.9004766387243586,1.4675525753949745,0.8546157741834451,1.615107610332035,0.962622627535721,0.4039915498716639,2.906416248236846,1.9116671708253008,2.9318821428606827,2.9882635303788243,2.984023415465072,"{""type"":""Point"",""coordinates"":[0.0,0.0]}"
1_1_1_1_1_1_2_00000000000000000000,2.968232899431041,2.9467952631658836,3.0674261311589586,2.9823314389843465,2.972544776681716,aspect,2.9654732012951044,,2.743962640132221,1.99968385342734,1.088448908696245,3.0152849284059777,2.450522209440672,2.4294601564632754,2.711049274905931,3.0041922903760456,2.962838931993638,2.763219314389103,2.584724407645127,1.2632768863958437,2.8259453522974454,2.913008669772371,0.5053893890493684,2.50440047406947,2.897170318466062,2.9986433985795107,2.9697008693519904,2.925883994451835,2.8900283265866804,3.030147480240234,2.8195784409795865,2.944461659835481,1.9206362269131074,1.4449032948218639,0.8986370158373431,1.6140844039783215,0.9788527699366137,0.4036842709324183,2.9629104705709643,1.6893574411695684,2.9840179742904027,2.981821248355375,2.9772689965255297,"{""type"":""Point"",""coordinates"":[0.0,0.0]}"
1_1_1_1_1_2_00000000000000000000,2.993240415610927,2.9853299929525163,2.861202121190524,2.8442302370361854,2.8955309456726246,fuelLoad,2.813694961042711,2.8827900016360273,2.642921697113055,1.9804010961841891,1.1014355999493999,3.018085964623804,2.4741202150873653,2.413988856520594,2.682152536528815,2.905917164998821,2.83672748482847,2.751498400633501,2.5656763413776775,1.3459727655598737,2.8443315735594634,2.8691045343707233,0.5302363105482605,2.5277136220637635,2.809191119909553,2.954800409651905,2.9825826694111846,2.8706626821270307,2.903130706564377,2.877201560028958,2.8274667587718145,2.8855393920507106,1.8739892032880772,,0.9834382807096845,1.5914883807577236,0.9653972205621336,0.37347531737082784,2.9152315478917306,1.8277476092239688,2.8406696951916377,2.9282413584652334,2.8234432489341716,"{""type"":""Point"",""coordinates"":[0.0,0.0]}"
1_1_1_1_2_00000000000000000000,2.9120989872977323,2.9848668036059114,2.8955857736548762,2.8338613745172814,2.9924340610660694,grassHeight,2.895223162999776,2.8703981778787786,2.5440235676508482,1.9288818604843738,1.0817615414747679,2.952132745144138,2.3897143730528105,2.471045843988561,2.6326856697092027,2.913896364228333,2.903110425285043,2.682344109382202,2.5146412333524464,1.3660178275869324,2.8506472422890146,2.9152041317268726,0.5035474648506687,2.5540966167893755,2.747450230805713,2.9628108015057597,3.000676437312436,2.79285335663064,2.9384517304183655,2.8605051483423733,2.808820574723503,2.8022656378448585,1.8386106549121404,1.5058813135324163,,1.4920933904375524,0.9894661883298167,0.3683970822452322,2.8939217845583305,1.7854286290902097,2.8994519633583367,2.8752348015305103,2.8494609164057714,"{""type"":""Point"",""coordinates"":[0.0,0.0]}"
1_1_1_2_00000000000000000000,2.9542027022879953,3.106930444492538,2.908855464456522,2.848980223991609,3.002948938863508,litterCover,2.9092796597540054,2.9343079742217704,2.5981838593777518,2.002459743133277,1.0599875406570936,2.9104955573196456,2.4788965439825503,2.4488009386439593,2.6671291663525456,2.8415585291391032,2.9320851837592787,2.715825141770558,2.5242130614652494,1.3831887927622755,2.781924419902327,2.8902096574868525,0.5100621815409498,2.5120380653128027,2.8547833791924955,2.9792075026815166,2.990378284390672,2.866058911796883,2.8411845687917956,2.955684979569705,2.8058742753942965,2.784818327679713,1.869807265781208,1.5303933609893763,0.89915138601567,,1.0319988145817154,0.38240855973947435,2.902900731885676,1.7840325784359488,2.8642233889267597,2.9711909592497623,2.7633389342231527,"{""type"":""Point"",""coordinates"":[0.0,0.0]}"
1_1_2_00000000000000000000,2.9063998321178954,2.954882129584397,2.9400298995118597,2.908573422768097,2.9738638210956942,litterDepth,2.879253329816736,2.9842273822862575,2.6884367821832638,1.9166387325446463,1.081693859015753,2.9683762164775245,2.462165137725958,2.46567690471903,2.663940225721843,2.7922261268975745,2.9332515448339413,2.7082485380832444,2.470185997162727,1.3781848220501547,2.7487027715509584,2.8474041853175827,0.4764714226628842,2.5404554136899393,2.722629559178768,2.8292295430015324,2.9290653086851752,2.7828738484316813,2.8461682903962395,2.9277958351394977,2.780891370657843,2.8173636632033157,1.8513252856713056,1.448346386639818,0.8896015657604247,1.6216830724480715,,0.401213629385409,3.0179312443732695,1.8431792865357495,2.850815548454466,2.9464596156374365,2.8041384485820284,"{""type"":""Point"",""coordinates"":[0.0,0.0]}"
1_2_00000000000000000000,2.96602050308806,3.0224374017984936,2.871087157810415,2.9078469021127624,3.010037021258848,flameLength,2.954251574700221,2.9689702854908457,2.6812300970660967,2.0570680625021973,1.00623853724961,2.9662995870416755,2.4903890498999037,2.44766950410196,2.691901640518637,2.792790036853416,2.837538202991821,2.725514780861002,2.5449029571547217,1.3330915255110838,2.8817943719425614,2.8825265562066975,0.49360613067877795,2.5302701427465593,2.8409696769138106,2.8457581856485428,2.9514452607729855,2.8772913508044455,2.8769644097125378,2.941693141041624,2.7053667750745682,2.886340663055358,,1.4968147291087137,0.8811381910795001,1.6662836204823566,0.9506234292781184,0.4062290170094822,2.9529721835524967,1.9274631092429078,2.941212530471847,2.9289092823862224,2.859042414778121,"{""type"":""Point"",""coordinates"":[0.0,0.0]}"
2_00000000000000000000,3.0350889413034516,2.932154146415106,2.995875124117879,2.852519159036592,2.927075495881744,rateOfSpread,2.895422800855908,2.977443393796068,2.6562272854795963,1.9981079600450344,0.9772438952691935,2.9518242558498313,2.537122661045488,2.3936059416293225,2.5910394010836098,2.8068380342540675,2.864962260041264,2.746676512433458,2.515143315848606,1.3669905876725903,2.80754000243133,2.917001711565986,0.5400683288824178,2.6863204063664714,2.7821115762491937,2.8917738905900214,2.9047930816608,2.8961403143741347,2.8952521138160856,2.8740548855076358,2.8290697667648654,2.789964937042167,1.9983224782386948,1.516806614835926,0.8892651129799738,1.6723950458473165,0.9831139733143573,0.39549377644900363,2.892654152766787,,3.018169952047794,2.9664793687047823,2.831847337505442,"{""type"":""Point"",""coordinates"":[0.0,0.0]}"
